﻿<?xml version="1.0" encoding="utf-8"?>
<deployment>
  <id>f18a6136-fa0c-45b4-86eb-66b15d1cf0dd</id>
  <author>N/A</author>
  <deployer>Push-Deployer</deployer>
  <authorEmail>N/A</authorEmail>
  <message>Created via a push deployment</message>
  <progress></progress>
  <status>Failed</status>
  <statusText></statusText>
  <lastSuccessEndTime />
  <receivedTime>2025-07-06T09:06:48.9862774Z</receivedTime>
  <startTime>2025-07-06T09:06:50.3345204Z</startTime>
  <endTime>2025-07-06T09:06:55.7451282Z</endTime>
  <complete>True</complete>
  <is_temp>False</is_temp>
  <is_readonly>True</is_readonly>
  <buildSummary />
</deployment>