<step title="BackgroundTrace" date="2025-07-06T10:20:35.606" instance="057680" url="/api/zipdeploy" method="POST" >
  <step title="Creating temporary deployment - FetchDeploymentManager" date="2025-07-06T10:20:35.676" /><!-- duration: 9ms -->
  <step title="Creating temporary deployment" date="2025-07-06T10:20:35.689" /><!-- duration: 75ms -->
  <step title="Performing fetch based deployment" date="2025-07-06T10:20:35.854" >
    <step title="Cleaning up temp folders from previous zip deployments and extracting pushed zip file /tmp/zipdeploy/c00eb3a8-6b01-45b1-99f7-0c750815752b.zip (0.03 MB) to /tmp/zipdeploy/extracted" date="2025-07-06T10:20:36.987" >
      <step title="ChmodRecursive Process exited with total time taken in ms: 26" date="2025-07-06T10:20:37.045" /><!-- duration: 5ms -->
    </step><!-- duration: 67ms -->
    <step title="Deployment timer started" date="2025-07-06T10:20:39.067" >
      <step title="DeploymentManager.Deploy(id:9002144f-c5dd-43bd-a7bb-100759362019)" date="2025-07-06T10:20:39.076" >
        <step title="Collecting changeset information" date="2025-07-06T10:20:39.093" /><!-- duration: 87ms -->
        <step title="Updating submodules" date="2025-07-06T10:20:39.189" /><!-- duration: 1103ms -->
        <step title="Determining deployment builder" date="2025-07-06T10:20:40.494" >
          <step title="Builder is OryxBuilder" date="2025-07-06T10:20:40.507" /><!-- duration: 4ms -->
        </step><!-- duration: 21ms -->
        <step title="PreDeployment: context.CleanOutputPath False" date="2025-07-06T10:20:40.556" >
          <step title="PreDeployment: context.OutputPath /home/site/wwwroot" date="2025-07-06T10:20:40.648" >
            <step title="Building" date="2025-07-06T10:20:40.759" >
              <step title="Executing external process" date="2025-07-06T10:20:40.995" type="process" path="bash" arguments="-c &quot;oryx build /tmp/zipdeploy/extracted -o /home/site/wwwroot --platform nodejs --platform-version 20 -p virtualenv_name= --log-file /tmp/build-debug.log  -i /tmp/8ddbc76c21af754 -p compress_node_modules=tar-gz | tee /tmp/oryx-build.log ; exit $PIPESTATUS &quot;" /><!-- duration: 71107ms -->
              <step title="Using GenericDeploymentLogParser" date="2025-07-06T10:21:52.527" /><!-- duration: 5ms -->
              <step title="Triggering recycle (preview mode disabled)." date="2025-07-06T10:21:53.472" /><!-- duration: 9ms -->
              <step title="Modified file to trigger a restart of the app container." date="2025-07-06T10:21:53.523" /><!-- duration: 4ms -->
              <step title="Skip function trigger and logicapp sync because function is not enabled." date="2025-07-06T10:21:53.535" /><!-- duration: 5ms -->
              <step title="Purge deployment items" date="2025-07-06T10:21:54.097" >
                <step title="Remove 797ef82c-, Failed, received at 07/06/2025 09:11:25" date="2025-07-06T10:21:54.159" /><!-- duration: 4ms -->
              </step><!-- duration: 70ms -->
            </step><!-- duration: 73462ms -->
          </step><!-- duration: 73578ms -->
          <step title="Cleaning up temp files" date="2025-07-06T10:21:54.231" /><!-- duration: 346ms -->
          <step title="Cleaning up temp files" date="2025-07-06T10:21:54.585" /><!-- duration: 512ms -->
          <step title="Reloading status file with latest updates" date="2025-07-06T10:21:55.131" >
            <step title="WebHooksManager.PublishEventAsync: PostDeployment" date="2025-07-06T10:21:55.136" /><!-- duration: 39ms -->
          </step><!-- duration: 49ms -->
          <step title="Cleaning up temporary deployment - fetch deployment was successful" date="2025-07-06T10:21:55.187" /><!-- duration: 4ms -->
        </step><!-- duration: 74690ms -->
      </step><!-- duration: 76189ms -->
