<step title="Incoming Request" date="2025-07-06T10:20:35.456" instance="057680" url="/api/zipdeploy?isAsync=true" method="POST" type="request" pid="821,1,5" Accept="*/*" Host="mshoabackend2025.scm.azurewebsites.net" User-Agent="AZURECLI/2.75.0 (MSI)" Accept-Encoding="gzip, deflate" Authorization="Bas..." Cache-Control="no-cache" Content-Type="application/octet-stream" Cookie="ARRAffinity=057680d699192eff21b1c95c1349a018a87d576880d3cab13a1b395f522234c5; ARRAffinitySameSite=057680d699192eff21b1c95c1349a018a87d576880d3cab13a1b395f522234c5" Content-Length="32216" x-ms-client-request-id="c61a9580-5a52-11f0-8d3b-bf0d3a76e28e" x-ms-artifact-checksum="d974f6714cd5e60e6dddc947482d0b5308e364b94106285aa5c817a1ebfaa000" X-ARR-LOG-ID="c61a9580-5a52-11f0-8d3b-bf0d3a76e28e" CLIENT-IP="116.96.44.155:16708" X-SITE-DEPLOYMENT-ID="mshoabackend2025" WAS-DEFAULT-HOSTNAME="mshoabackend2025.scm.azurewebsites.net" X-Forwarded-Proto="https" X-AppService-Proto="https" X-Forwarded-TlsVersion="1.3" X-WAWS-Unencoded-URL="/api/zipdeploy?isAsync=true" X-Client-IP="116.96.44.155" X-Client-Port="16708" >
  <step title="ZipPushDeploy" date="2025-07-06T10:20:35.483" >
    <step title="ZipDeploy. Extract zip. Remote build." date="2025-07-06T10:20:35.495" /><!-- duration: 4ms -->
    <step title="None repository commit" date="2025-07-06T10:20:35.508" >
      <step title="Commit id: 9002144f-c5dd-43bd-a7bb-100759362019" date="2025-07-06T10:20:35.512" Message="N/A" AuthorName="N/A" AuthorEmail="N/A" /><!-- duration: 4ms -->
    </step><!-- duration: 12ms -->
    <step title="Starting PushDeployAsync" date="2025-07-06T10:20:35.525" /><!-- duration: 6ms -->
    <step title="Writing artifact to /tmp/zipdeploy/c00eb3a8-6b01-45b1-99f7-0c750815752b.zip" date="2025-07-06T10:20:35.556" >
      <step title="Writing multipart request body to /tmp/zipdeploy/c00eb3a8-6b01-45b1-99f7-0c750815752b.zip" date="2025-07-06T10:20:35.563" /><!-- duration: 5ms -->
    </step><!-- duration: 31ms -->
    <step title="Start deployment in the background" date="2025-07-06T10:20:35.601" >
      <step title="Acquiring Deployment Lock" date="2025-07-06T10:20:35.618" /><!-- duration: 5ms -->
      <step title="Acquired Deployment Lock" date="2025-07-06T10:20:35.662" /><!-- duration: 8ms -->
    </step><!-- duration: 169ms -->
  </step><!-- duration: 294ms -->
  <step title="Outgoing response" date="2025-07-06T10:20:35.784" type="response" statusCode="202" statusText="Accepted" /><!-- duration: 5ms -->
</step><!-- duration: 342ms -->
