<step title="Incoming Request" date="2025-07-06T09:11:21.646" instance="057680" url="/api/zipdeploy?isAsync=true" method="POST" type="request" pid="821,1,5" Accept="*/*" Host="mshoabackend2025.scm.azurewebsites.net" User-Agent="AZURECLI/2.75.0 (MSI)" Accept-Encoding="gzip, deflate" Authorization="Bas..." Cache-Control="no-cache" Content-Type="application/octet-stream" Cookie="ARRAffinity=057680d699192eff21b1c95c1349a018a87d576880d3cab13a1b395f522234c5; ARRAffinitySameSite=057680d699192eff21b1c95c1349a018a87d576880d3cab13a1b395f522234c5" Content-Length="7837" x-ms-client-request-id="2775660f-5a49-11f0-82ef-bf0d3a76e28e" x-ms-artifact-checksum="bfaf23c374107a00b7b089a6e6f6ed3d4d4a3e601ed50a3f26d96b1412fa190c" X-ARR-LOG-ID="2775660f-5a49-11f0-82ef-bf0d3a76e28e" CLIENT-IP="116.96.44.155:42387" X-SITE-DEPLOYMENT-ID="mshoabackend2025" WAS-DEFAULT-HOSTNAME="mshoabackend2025.scm.azurewebsites.net" X-Forwarded-Proto="https" X-AppService-Proto="https" X-Forwarded-TlsVersion="1.3" X-WAWS-Unencoded-URL="/api/zipdeploy?isAsync=true" X-Client-IP="116.96.44.155" X-Client-Port="42387" >
  <step title="ZipPushDeploy" date="2025-07-06T09:11:21.661" >
    <step title="ZipDeploy. Extract zip." date="2025-07-06T09:11:21.674" /><!-- duration: 4ms -->
    <step title="Starting PushDeployAsync" date="2025-07-06T09:11:21.684" /><!-- duration: 5ms -->
    <step title="Writing artifact to /tmp/zipdeploy/37331c89-1477-4347-b5c2-33b7d38e780f.zip" date="2025-07-06T09:11:21.698" >
      <step title="Writing multipart request body to /tmp/zipdeploy/37331c89-1477-4347-b5c2-33b7d38e780f.zip" date="2025-07-06T09:11:21.702" /><!-- duration: 4ms -->
    </step><!-- duration: 13ms -->
    <step title="Start deployment in the background" date="2025-07-06T09:11:21.724" >
      <step title="Acquiring Deployment Lock" date="2025-07-06T09:11:21.736" /><!-- duration: 4ms -->
      <step title="Acquired Deployment Lock" date="2025-07-06T09:11:21.770" /><!-- duration: 3ms -->
    </step><!-- duration: 128ms -->
  </step><!-- duration: 196ms -->
  <step title="Outgoing response" date="2025-07-06T09:11:21.861" type="response" statusCode="202" statusText="Accepted" /><!-- duration: 6ms -->
</step><!-- duration: 226ms -->
