<step title="Incoming Request" date="2025-07-06T09:06:45.258" instance="057680" url="/api/zipdeploy?isAsync=true" method="POST" type="request" pid="821,1,50" Accept="*/*" Host="mshoabackend2025.scm.azurewebsites.net" User-Agent="AZURECLI/2.75.0 (MSI)" Accept-Encoding="gzip, deflate" Authorization="Bas..." Cache-Control="no-cache" Content-Type="application/octet-stream" Cookie="ARRAffinity=057680d699192eff21b1c95c1349a018a87d576880d3cab13a1b395f522234c5; ARRAffinitySameSite=057680d699192eff21b1c95c1349a018a87d576880d3cab13a1b395f522234c5" Content-Length="7837" x-ms-client-request-id="822dab99-5a48-11f0-9108-bf0d3a76e28e" x-ms-artifact-checksum="bfaf23c374107a00b7b089a6e6f6ed3d4d4a3e601ed50a3f26d96b1412fa190c" X-ARR-LOG-ID="822dab99-5a48-11f0-9108-bf0d3a76e28e" CLIENT-IP="116.96.44.155:38394" X-SITE-DEPLOYMENT-ID="mshoabackend2025" WAS-DEFAULT-HOSTNAME="mshoabackend2025.scm.azurewebsites.net" X-Forwarded-Proto="https" X-AppService-Proto="https" X-Forwarded-TlsVersion="1.3" X-WAWS-Unencoded-URL="/api/zipdeploy?isAsync=true" X-Client-IP="116.96.44.155" X-Client-Port="38394" >
  <step title="ZipPushDeploy" date="2025-07-06T09:06:45.304" >
    <step title="ZipDeploy. Extract zip." date="2025-07-06T09:06:45.313" /><!-- duration: 3ms -->
    <step title="None repository commit" date="2025-07-06T09:06:45.326" >
      <step title="Commit id: f18a6136-fa0c-45b4-86eb-66b15d1cf0dd" date="2025-07-06T09:06:45.330" Message="N/A" AuthorName="N/A" AuthorEmail="N/A" /><!-- duration: 3ms -->
    </step><!-- duration: 10ms -->
    <step title="Starting PushDeployAsync" date="2025-07-06T09:06:45.339" /><!-- duration: 3ms -->
    <step title="Writing artifact to /tmp/zipdeploy/086ebee0-3b54-4b0b-bd54-ecf1a3c7b9f3.zip" date="2025-07-06T09:06:45.363" >
      <step title="Writing multipart request body to /tmp/zipdeploy/086ebee0-3b54-4b0b-bd54-ecf1a3c7b9f3.zip" date="2025-07-06T09:06:45.367" /><!-- duration: 4ms -->
    </step><!-- duration: 40ms -->
    <step title="Start deployment in the background" date="2025-07-06T09:06:45.416" >
      <step title="Acquiring Deployment Lock" date="2025-07-06T09:06:45.434" /><!-- duration: 4ms -->
      <step title="Acquired Deployment Lock" date="2025-07-06T09:06:45.479" /><!-- duration: 4ms -->
    </step><!-- duration: 165ms -->
  </step><!-- duration: 288ms -->
  <step title="Outgoing response" date="2025-07-06T09:06:45.598" type="response" statusCode="202" statusText="Accepted" /><!-- duration: 4ms -->
</step><!-- duration: 346ms -->
