﻿<?xml version="1.0" encoding="utf-8"?>
<deployment>
  <id>9002144f-c5dd-43bd-a7bb-100759362019</id>
  <author>N/A</author>
  <deployer>Push-Deployer</deployer>
  <authorEmail>N/A</authorEmail>
  <message>Created via a push deployment</message>
  <progress></progress>
  <status>Success</status>
  <statusText></statusText>
  <lastSuccessEndTime>2025-07-06T10:21:53.872611Z</lastSuccessEndTime>
  <receivedTime>2025-07-06T10:20:39.1260554Z</receivedTime>
  <startTime>2025-07-06T10:20:40.4373346Z</startTime>
  <endTime>2025-07-06T10:21:53.872611Z</endTime>
  <complete>True</complete>
  <is_temp>False</is_temp>
  <is_readonly>True</is_readonly>
  <buildSummary />
</deployment>